<project xmlns="http://maven.apache.org/POM/4.0.0" xmlns:xsi="http://www.w3.org/2001/XMLSchema-instance"
  xsi:schemaLocation="http://maven.apache.org/POM/4.0.0 http://maven.apache.org/maven-v4_0_0.xsd">
    
	<modelVersion>4.0.0</modelVersion>
    <groupId>com.learninjava</groupId>
    <artifactId>jerseyjaxrsws</artifactId>
    <packaging>war</packaging>
    <version>1.0-SNAPSHOT</version>
    <name>jerseyjaxrsws Jersey Webapp</name>
	
	<organization>
        <name>Learn in Java</name>
        <url>http://www.learninjava.com/</url>
    </organization>
	<!-- Change the version numbers or other configurations here -->
    <properties>
        <jersey.version>1.19</jersey.version>
        <spring.version>3.2.6.RELEASE</spring.version>
        <junit.version>4.11</junit.version>
        <surefire.version>2.10</surefire.version>
        <jetty.version>6.1.10</jetty.version>
        <compiler.srcversion>1.7</compiler.srcversion>
        <compiler.tgtversion>1.7</compiler.tgtversion>

        <project.build.sourceEncoding>UTF-8</project.build.sourceEncoding>
        <port.number>8080</port.number>
		<service.url>http://localhost:${port.number}/jaxrs-service</service.url>
    </properties>
	
    <dependencies>
        <dependency>
            <groupId>junit</groupId>
            <artifactId>junit</artifactId>
            <version>${junit.version}</version>
            <scope>test</scope>
        </dependency>
        <dependency>
            <groupId>org.springframework</groupId>
            <artifactId>spring-web</artifactId>
            <version>${spring.version}</version>
        </dependency>
		
        <!-- Dependencies for Jersey Client Starts -->
		<!--<dependency>
            <groupId>com.sun.jersey</groupId>
            <artifactId>jersey-servlet</artifactId>
            <version>${jersey.version}</version>
        </dependency>
        <dependency>
            <groupId>com.sun.jersey</groupId>
            <artifactId>jersey-server</artifactId>
            <version>${jersey.version}</version>
        </dependency>
        <dependency>
            <groupId>com.sun.jersey</groupId>
            <artifactId>jersey-json</artifactId>
            <version>${jersey.version}</version>
        </dependency>
        <dependency>
            <groupId>com.sun.jersey</groupId>
            <artifactId>jersey-client</artifactId>
            <version>${jersey.version}</version>
        </dependency>-->
		<!-- Dependencies for Jersey Client Ends -->
		
		<!-- Dependencies for Pure JAX-RS Client Starts -->
		<dependency>
			<groupId>org.glassfish.jersey.containers</groupId>
			<artifactId>jersey-container-servlet</artifactId>
			<version>2.17</version>
			<scope>provided</scope>
		</dependency>
		<dependency>
			<groupId>org.glassfish.jersey.core</groupId>
			<artifactId>jersey-client</artifactId>
			<version>2.17</version>
			<scope>provided</scope>
		</dependency>
		<!-- Dependencies for Pure JAX-RS Client Ends -->
		
		<!-- Jersey & Spring Dependencies(excluding dependencies that are not required) -->
		<dependency>
			<groupId>com.sun.jersey.contribs</groupId>
			<artifactId>jersey-spring</artifactId>
			<version>${jersey.version}</version>
			<exclusions>
				<exclusion>
					<groupId>org.springframework</groupId>
					<artifactId>spring-web</artifactId>
				</exclusion>
				<exclusion>
					<groupId>org.springframework</groupId>
					<artifactId>spring-aop</artifactId>
				</exclusion>
				<exclusion>
					<groupId>org.springframework</groupId>
					<artifactId>spring-asm</artifactId>
				</exclusion>
				<exclusion>
					<groupId>org.springframework</groupId>
					<artifactId>spring-beans</artifactId>
				</exclusion>
				<exclusion>
					<groupId>org.springframework</groupId>
					<artifactId>spring-context</artifactId>
				</exclusion>
				<exclusion>
					<groupId>org.springframework</groupId>
					<artifactId>spring-core</artifactId>
				</exclusion>
			</exclusions>
		</dependency>

	</dependencies>
    <build>
        <pluginManagement>
        <plugins>
		
			<!-- Optional plugin, This is added to specify service.url in pom.xml itself -->
			<plugin>
				<groupId>org.apache.maven.plugins</groupId>
				<artifactId>maven-surefire-plugin</artifactId>
				<version>${surefire.version}</version>
				<configuration>
					<argLine>-Dservice.url=${service.url}</argLine>
				</configuration>
			</plugin>
		
            <plugin>
                <groupId>org.apache.maven.plugins</groupId>
                <artifactId>maven-compiler-plugin</artifactId>
                <inherited>true</inherited>
                <configuration>
                    <source>${compiler.srcversion}</source>
                    <target>${compiler.tgtversion}</target>
                </configuration>
            </plugin>

			<plugin>
				<groupId>org.mortbay.jetty</groupId>
				<artifactId>maven-jetty-plugin</artifactId>
				<version>${jetty.version}</version>
				<configuration>
					<scanIntervalSeconds>10</scanIntervalSeconds>
					<connectors>
						<connector implementation="org.mortbay.jetty.nio.SelectChannelConnector">
							<port>${port.number}</port>
							<maxIdleTime>60000</maxIdleTime>
						</connector>
					</connectors>
					<webAppConfig>
						<contextPath>/jaxrs-service</contextPath>
					</webAppConfig>
			  </configuration>
			</plugin>
				
			<!-- Optional plugin, This is added to create an eclipse compatible project. To do it, use : mvn eclipse:eclipse -->
			<plugin>
				<groupId>org.apache.maven.plugins</groupId>
				<artifactId>maven-eclipse-plugin</artifactId>
				<configuration>
					<projectNameTemplate>[artifactId]-[version]</projectNameTemplate>
					<wtpmanifest>true</wtpmanifest>
					<wtpapplicationxml>true</wtpapplicationxml>
					<wtpversion>2.0</wtpversion>
				</configuration>
			</plugin>
        </plugins>
		</pluginManagement>
    </build>
</project>
