<?xml version="1.0" encoding="UTF-8"?>
<project xmlns="http://maven.apache.org/POM/4.0.0" xmlns:xsi="http://www.w3.org/2001/XMLSchema-instance" xsi:schemaLocation="http://maven.apache.org/POM/4.0.0 http://maven.apache.org/maven-v4_0_0.xsd">
    
    <modelVersion>4.0.0</modelVersion>
    <groupId>com.learninjava</groupId>
    <artifactId>cxfjaxws</artifactId>
    <version>1.0-SNAPSHOT</version>
    <packaging>war</packaging>
    <name>Simple CXF Java-first SOAP project using Spring configuration</name>
    <description>Simple CXF Java-first SOAP project using Spring configuration</description>

    <organization>
        <name>Learn in Java</name>
        <url>http://www.learninjava.com/</url>
    </organization>
	<!-- Change the version numbers or other configurations here -->
    <properties>
        <cxf.version>3.0.3</cxf.version>
        <spring.version>3.2.6.RELEASE</spring.version>
        <junit.version>4.11</junit.version>
		<jetty.version>6.1.10</jetty.version>
        <compiler.srcversion>1.6</compiler.srcversion>
        <compiler.tgtversion>1.6</compiler.tgtversion>

        <project.build.sourceEncoding>UTF-8</project.build.sourceEncoding>
        <port.number>8080</port.number>
    </properties>
    
    <dependencies>
        <dependency>
            <groupId>org.apache.cxf</groupId>
            <artifactId>cxf-rt-frontend-jaxws</artifactId>
            <version>${cxf.version}</version>
        </dependency>
        <dependency>
            <groupId>org.apache.cxf</groupId>
            <artifactId>cxf-rt-transports-http</artifactId>
            <version>3.0.3</version>
        </dependency>
        <dependency>
            <groupId>org.springframework</groupId>
            <artifactId>spring-web</artifactId>
            <version>${spring.version}</version>
        </dependency>
        <dependency>
            <groupId>junit</groupId>
            <artifactId>junit</artifactId>
            <version>${junit.version}</version>
            <scope>test</scope>
        </dependency>
    </dependencies>

    <build>
        <pluginManagement>
            <plugins>
				<plugin>
					<groupId>org.mortbay.jetty</groupId>
					<artifactId>maven-jetty-plugin</artifactId>
					<version>${jetty.version}</version>
					<configuration>
						<scanIntervalSeconds>10</scanIntervalSeconds>
						<connectors>
							<connector implementation="org.mortbay.jetty.nio.SelectChannelConnector">
								<port>${port.number}</port>
								<maxIdleTime>60000</maxIdleTime>
							</connector>
						</connectors>
						<webAppConfig>
							<contextPath>/jaxws-service</contextPath>
						</webAppConfig>
                  </configuration>
                </plugin>
					
                <plugin>
                    <groupId>org.apache.maven.plugins</groupId>
                    <artifactId>maven-compiler-plugin</artifactId>
                    <configuration>
                        <source>${compiler.srcversion}</source>
                        <target>${compiler.tgtversion}</target>
                    </configuration>
                </plugin>
				
				<!-- Optional plugin, This is added to create an eclipse compatible project. To do it, use : mvn eclipse:eclipse -->
                <plugin>
                    <groupId>org.apache.maven.plugins</groupId>
                    <artifactId>maven-eclipse-plugin</artifactId>
                    <configuration>
                        <projectNameTemplate>[artifactId]-[version]</projectNameTemplate>
                        <wtpmanifest>true</wtpmanifest>
                        <wtpapplicationxml>true</wtpapplicationxml>
                        <wtpversion>2.0</wtpversion>
                    </configuration>
                </plugin>
            </plugins>
        </pluginManagement>
    </build>

</project>
